"cod_formato_dre","formato_dre","planocontas","grupocontas","codfilial","operacao","data","valor","subtotal"
1,Receita Operacional Bruta                                                                           ,"101 - VENDA FATURADA","101 - VENDA FATURADA","51",VENDAS,2023-01-27,3120,0
1,Receita Operacional Bruta                                                                           ,"107 - OUTROS FATURAMENTOS","101 - VENDA FATURADA",,,,,0
1,Receita Operacional Bruta                                                                           ,"101 - VENDA FATURADA","101 - VENDA FATURADA","51",VENDAS,2023-01-30,61813.880000000005,0
1,Receita Operacional Bruta                                                                           ,"101 - VENDA FATURADA","101 - VENDA FATURADA","51",VENDAS,2023-01-19,6328.46,0
1,Receita Operacional Bruta                                                                           ,"101 - VENDA FATURADA","101 - VENDA FATURADA","51",VENDAS,2023-01-10,20720.74,0
1,Receita Operacional Bruta                                                                           ,"101 - VENDA FATURADA","101 - VENDA FATURADA","51",VENDAS,2023-01-05,125.5,0
1,Receita Operacional Bruta                                                                           ,"101 - VENDA FATURADA","101 - VENDA FATURADA","51",VENDAS,2023-01-25,45542.33,0
1,Receita Operacional Bruta                                                                           ,"101 - VENDA FATURADA","101 - VENDA FATURADA","51",VENDAS,2023-01-16,1311.6000000000001,0
1,Receita Operacional Bruta                                                                           ,"101 - VENDA FATURADA","101 - VENDA FATURADA","51",VENDAS,2023-01-04,1174.94,0
1,Receita Operacional Bruta                                                                           ,"101 - VENDA FATURADA","101 - VENDA FATURADA","51",VENDAS,2023-01-11,20378.5,0
1,Receita Operacional Bruta                                                                           ,"101 - VENDA FATURADA","101 - VENDA FATURADA","51",VENDAS,2023-01-27,10904.72,0
1,Receita Operacional Bruta                                                                           ,"101 - VENDA FATURADA","101 - VENDA FATURADA","51",VENDAS,2023-01-30,10267.53,0
1,Receita Operacional Bruta                                                                           ,"101 - VENDA FATURADA","101 - VENDA FATURADA","51",VENDAS,2023-01-24,36653,0
1,Receita Operacional Bruta                                                                           ,"101 - VENDA FATURADA","101 - VENDA FATURADA","51",VENDAS,2023-01-18,635.0600000000001,0
1,Receita Operacional Bruta                                                                           ,"101 - VENDA FATURADA","101 - VENDA FATURADA","51",VENDAS,2023-01-11,10389.66,0
1,Receita Operacional Bruta                                                                           ,"101 - VENDA FATURADA","101 - VENDA FATURADA","51",VENDAS,2023-01-20,8869.28,0
1,Receita Operacional Bruta                                                                           ,"101 - VENDA FATURADA","101 - VENDA FATURADA","51",VENDAS,2023-01-16,1691.8500000000001,0
1,Receita Operacional Bruta                                                                           ,"101 - VENDA FATURADA","101 - VENDA FATURADA","51",VENDAS,2023-01-24,2562.1,0
1,Receita Operacional Bruta                                                                           ,"101 - VENDA FATURADA","101 - VENDA FATURADA","51",VENDAS,2023-01-19,150212.25,0
1,Receita Operacional Bruta                                                                           ,"101 - VENDA FATURADA","101 - VENDA FATURADA","51",VENDAS,2023-01-25,570.1800000000001,0
1,Receita Operacional Bruta                                                                           ,"101 - VENDA FATURADA","101 - VENDA FATURADA","51",VENDAS,2023-01-11,4672.1,0
1,Receita Operacional Bruta                                                                           ,"101 - VENDA FATURADA","101 - VENDA FATURADA","51",VENDAS,2023-01-17,44238.3,0
1,Receita Operacional Bruta                                                                           ,"101 - VENDA FATURADA","101 - VENDA FATURADA","51",VENDAS,2023-01-09,525,0
1,Receita Operacional Bruta                                                                           ,"101 - VENDA FATURADA","101 - VENDA FATURADA","51",VENDAS,2023-01-31,101.9,0
1,Receita Operacional Bruta                                                                           ,"101 - VENDA FATURADA","101 - VENDA FATURADA","51",VENDAS,2023-01-18,11748.72,0
1,Receita Operacional Bruta                                                                           ,"101 - VENDA FATURADA","101 - VENDA FATURADA","51",VENDAS,2023-01-25,10916,0
1,Receita Operacional Bruta                                                                           ,"101 - VENDA FATURADA","101 - VENDA FATURADA","51",VENDAS,2023-01-16,422.75,0
1,Receita Operacional Bruta                                                                           ,"101 - VENDA FATURADA","101 - VENDA FATURADA","51",VENDAS,2023-01-17,1911.64,0
1,Receita Operacional Bruta                                                                           ,"101 - VENDA FATURADA","101 - VENDA FATURADA","51",VENDAS,2023-01-26,5201.7,0
1,Receita Operacional Bruta                                                                           ,"101 - VENDA FATURADA","101 - VENDA FATURADA","51",VENDAS,2023-01-26,484.68,0
1,Receita Operacional Bruta                                                                           ,"101 - VENDA FATURADA","101 - VENDA FATURADA","51",VENDAS,2023-01-20,14387.93,0
1,Receita Operacional Bruta                                                                           ,"101 - VENDA FATURADA","101 - VENDA FATURADA","51",VENDAS,2023-01-02,348.72,0
1,Receita Operacional Bruta                                                                           ,"101 - VENDA FATURADA","101 - VENDA FATURADA","51",VENDAS,2023-01-12,6850.95,0
1,Receita Operacional Bruta                                                                           ,"101 - VENDA FATURADA","101 - VENDA FATURADA","51",VENDAS,2023-01-26,143.8,0
1,Receita Operacional Bruta                                                                           ,"101 - VENDA FATURADA","101 - VENDA FATURADA","51",VENDAS,2023-01-30,4405.150000000001,0
1,Receita Operacional Bruta                                                                           ,"101 - VENDA FATURADA","101 - VENDA FATURADA","51",VENDAS,2023-01-12,4711.2300000000005,0
1,Receita Operacional Bruta                                                                           ,"101 - VENDA FATURADA","101 - VENDA FATURADA","51",VENDAS,2023-01-12,241.69,0
1,Receita Operacional Bruta                                                                           ,"101 - VENDA FATURADA","101 - VENDA FATURADA","51",VENDAS,2023-01-27,4348.8,0
1,Receita Operacional Bruta                                                                           ,"101 - VENDA FATURADA","101 - VENDA FATURADA","51",VENDAS,2023-01-04,20413.63,0
1,Receita Operacional Bruta                                                                           ,"101 - VENDA FATURADA","101 - VENDA FATURADA","51",VENDAS,2023-01-27,24110.77,0
1,Receita Operacional Bruta                                                                           ,"101 - VENDA FATURADA","101 - VENDA FATURADA","51",VENDAS,2023-01-09,1584.73,0
1,Receita Operacional Bruta                                                                           ,"101 - VENDA FATURADA","101 - VENDA FATURADA","51",VENDAS,2023-01-19,42369.88,0
1,Receita Operacional Bruta                                                                           ,"101 - VENDA FATURADA","101 - VENDA FATURADA","51",VENDAS,2023-01-26,33.03,0
1,Receita Operacional Bruta                                                                           ,"101 - VENDA FATURADA","101 - VENDA FATURADA","51",VENDAS,2023-01-18,2358.82,0
1,Receita Operacional Bruta                                                                           ,"101 - VENDA FATURADA","101 - VENDA FATURADA","51",VENDAS,2023-01-03,45740.36,0
1,Receita Operacional Bruta                                                                           ,"101 - VENDA FATURADA","101 - VENDA FATURADA","51",VENDAS,2023-01-02,5445.2,0
1,Receita Operacional Bruta                                                                           ,"101 - VENDA FATURADA","101 - VENDA FATURADA","51",VENDAS,2023-01-16,245969.01,0
1,Receita Operacional Bruta                                                                           ,"101 - VENDA FATURADA","101 - VENDA FATURADA","51",VENDAS,2023-01-31,3060.66,0
1,Receita Operacional Bruta                                                                           ,"101 - VENDA FATURADA","101 - VENDA FATURADA","51",VENDAS,2023-01-18,3994.2200000000003,0
1,Receita Operacional Bruta                                                                           ,"101 - VENDA FATURADA","101 - VENDA FATURADA","51",VENDAS,2023-01-19,108.07000000000001,0
1,Receita Operacional Bruta                                                                           ,"101 - VENDA FATURADA","101 - VENDA FATURADA","51",VENDAS,2023-01-26,584.91,0
1,Receita Operacional Bruta                                                                           ,"101 - VENDA FATURADA","101 - VENDA FATURADA","51",VENDAS,2023-01-26,33854.25,0
1,Receita Operacional Bruta                                                                           ,"101 - VENDA FATURADA","101 - VENDA FATURADA","51",VENDAS,2023-01-17,27341.510000000002,0
1,Receita Operacional Bruta                                                                           ,"101 - VENDA FATURADA","101 - VENDA FATURADA","51",VENDAS,2023-01-18,4001.77,0
1,Receita Operacional Bruta                                                                           ,"101 - VENDA FATURADA","101 - VENDA FATURADA","51",VENDAS,2023-01-25,19112.920000000002,0
1,Receita Operacional Bruta                                                                           ,"101 - VENDA FATURADA","101 - VENDA FATURADA","51",VENDAS,2023-01-20,2937.28,0
1,Receita Operacional Bruta                                                                           ,"101 - VENDA FATURADA","101 - VENDA FATURADA","51",VENDAS,2023-01-12,315.2,0
1,Receita Operacional Bruta                                                                           ,"101 - VENDA FATURADA","101 - VENDA FATURADA","51",VENDAS,2023-01-31,13081.6,0
1,Receita Operacional Bruta                                                                           ,"101 - VENDA FATURADA","101 - VENDA FATURADA","51",VENDAS,2023-01-25,2605,0
1,Receita Operacional Bruta                                                                           ,"101 - VENDA FATURADA","101 - VENDA FATURADA","51",VENDAS,2023-01-13,8002.3,0
1,Receita Operacional Bruta                                                                           ,"101 - VENDA FATURADA","101 - VENDA FATURADA","51",VENDAS,2023-01-16,4051.07,0
1,Receita Operacional Bruta                                                                           ,"101 - VENDA FATURADA","101 - VENDA FATURADA","51",VENDAS,2023-01-18,1000,0
1,Receita Operacional Bruta                                                                           ,"101 - VENDA FATURADA","101 - VENDA FATURADA","51",VENDAS,2023-01-18,6731.7300000000005,0
1,Receita Operacional Bruta                                                                           ,"101 - VENDA FATURADA","101 - VENDA FATURADA","51",VENDAS,2023-01-11,7152.110000000001,0
1,Receita Operacional Bruta                                                                           ,"101 - VENDA FATURADA","101 - VENDA FATURADA","51",VENDAS,2023-01-19,41491.01,0
1,Receita Operacional Bruta                                                                           ,"101 - VENDA FATURADA","101 - VENDA FATURADA","51",VENDAS,2023-01-13,48113.87,0
1,Receita Operacional Bruta                                                                           ,"101 - VENDA FATURADA","101 - VENDA FATURADA","51",VENDAS,2023-01-16,83309.28,0
1,Receita Operacional Bruta                                                                           ,"101 - VENDA FATURADA","101 - VENDA FATURADA","51",VENDAS,2023-01-12,86775.98,0
1,Receita Operacional Bruta                                                                           ,"101 - VENDA FATURADA","101 - VENDA FATURADA","51",VENDAS,2023-01-05,77296.90000000001,0
1,Receita Operacional Bruta                                                                           ,"101 - VENDA FATURADA","101 - VENDA FATURADA","51",VENDAS,2023-01-18,2041.56,0
1,Receita Operacional Bruta                                                                           ,"101 - VENDA FATURADA","101 - VENDA FATURADA","51",VENDAS,2023-01-26,7932.42,0
1,Receita Operacional Bruta                                                                           ,"101 - VENDA FATURADA","101 - VENDA FATURADA","51",VENDAS,2023-01-04,7443.54,0
1,Receita Operacional Bruta                                                                           ,"101 - VENDA FATURADA","101 - VENDA FATURADA","51",VENDAS,2023-01-19,5945.5,0
1,Receita Operacional Bruta                                                                           ,"101 - VENDA FATURADA","101 - VENDA FATURADA","51",VENDAS,2023-01-09,2780.1,0
1,Receita Operacional Bruta                                                                           ,"101 - VENDA FATURADA","101 - VENDA FATURADA","51",VENDAS,2023-01-24,4018.27,0
1,Receita Operacional Bruta                                                                           ,"101 - VENDA FATURADA","101 - VENDA FATURADA","51",VENDAS,2023-01-24,5812.18,0
1,Receita Operacional Bruta                                                                           ,"101 - VENDA FATURADA","101 - VENDA FATURADA","51",VENDAS,2023-01-30,200984.52000000002,0
1,Receita Operacional Bruta                                                                           ,"101 - VENDA FATURADA","101 - VENDA FATURADA","51",VENDAS,2023-01-27,4817.8,0
1,Receita Operacional Bruta                                                                           ,"101 - VENDA FATURADA","101 - VENDA FATURADA","51",VENDAS,2023-01-05,27654.940000000002,0
1,Receita Operacional Bruta                                                                           ,"101 - VENDA FATURADA","101 - VENDA FATURADA","51",VENDAS,2023-01-25,19082.760000000002,0
1,Receita Operacional Bruta                                                                           ,"101 - VENDA FATURADA","101 - VENDA FATURADA","51",VENDAS,2023-01-09,33679.2,0
1,Receita Operacional Bruta                                                                           ,"101 - VENDA FATURADA","101 - VENDA FATURADA","51",VENDAS,2023-01-30,713.23,0
1,Receita Operacional Bruta                                                                           ,"101 - VENDA FATURADA","101 - VENDA FATURADA","51",VENDAS,2023-01-11,8266.12,0
1,Receita Operacional Bruta                                                                           ,"101 - VENDA FATURADA","101 - VENDA FATURADA","51",VENDAS,2023-01-31,5950.53,0
1,Receita Operacional Bruta                                                                           ,"101 - VENDA FATURADA","101 - VENDA FATURADA","51",VENDAS,2023-01-11,38223.82,0
1,Receita Operacional Bruta                                                                           ,"101 - VENDA FATURADA","101 - VENDA FATURADA","51",VENDAS,2023-01-20,6416.32,0
1,Receita Operacional Bruta                                                                           ,"101 - VENDA FATURADA","101 - VENDA FATURADA","51",VENDAS,2023-01-19,93.28,0
1,Receita Operacional Bruta                                                                           ,"101 - VENDA FATURADA","101 - VENDA FATURADA","51",VENDAS,2023-01-23,4466.3,0
2,Deduções Receita Bruta                                                                              ,,,,,,,0
3,Receita Operacional Liquida                                                                         ,,,,,,,1
4,Custos de Venda                                                                                     ,"302022 - FECOP (SOBRE ICMS)","406 - IMPOSTOS SOBRE FATURAMENTO ","1",PAGAMENTOS,2023-01-16,-4509.54,0
4,Custos de Venda                                                                                     ,"302003 - COFINS (SE NAO ESTIVER NO CMV)","406 - IMPOSTOS SOBRE FATURAMENTO ","1",PAGAMENTOS,2023-01-25,-59846.29,0
4,Custos de Venda                                                                                     ,"302021 - ICMS ANTECIPACAO PARCIAL ","302 - DESPESAS TRIBUTARIAS","1",PAGAMENTOS,2023-01-16,-4502.51,0
4,Custos de Venda                                                                                     ,"302016 - GERACAO DESPESAS GNRE","302 - DESPESAS TRIBUTARIAS","1",PAGAMENTOS,2023-01-27,-2514.57,0
4,Custos de Venda                                                                                     ,"302023 - FUNEF (SOBRE ICMS)","406 - IMPOSTOS SOBRE FATURAMENTO ","1",PAGAMENTOS,2023-01-16,-601.88,0
4,Custos de Venda                                                                                     ,"302024 - ICMS REGIME ESPECIAL 2%","406 - IMPOSTOS SOBRE FATURAMENTO ","1",PAGAMENTOS,2023-01-16,-19866.84,0
4,Custos de Venda                                                                                     ,"302027 - ICMS DIFERENCIAL DE ALIQUOTA ","302 - DESPESAS TRIBUTARIAS","1",PAGAMENTOS,2023-01-16,-73.32000000000001,0
4,Custos de Venda                                                                                     ,"302001 - ICMS NORMAL (SE NAO ESTIVER NO CMV)","406 - IMPOSTOS SOBRE FATURAMENTO ","1",PAGAMENTOS,2023-01-16,-58421.57,0
4,Custos de Venda                                                                                     ,"302017 - PARCELA DO FECP","302 - DESPESAS TRIBUTARIAS",,,,,0
4,Custos de Venda                                                                                     ,"105 - DEVOLUCAO DE CLIENTES","101 - VENDA FATURADA",,,,,0
4,Custos de Venda                                                                                     ,"302025 - ICMS FECOP ","302 - DESPESAS TRIBUTARIAS",,,,,0
4,Custos de Venda                                                                                     ,"302015 - GUIA SUBSTITUICAO TRIBUTARIA (REC)","302 - DESPESAS TRIBUTARIAS",,,,,0
4,Custos de Venda                                                                                     ,"302018 - CONTA FUNCEP GNRE","302 - DESPESAS TRIBUTARIAS",,,,,0
4,Custos de Venda                                                                                     ,"302014 - GUIA SUBSTITUICAO TRIBUTARIA (DESP)","302 - DESPESAS TRIBUTARIAS",,,,,0
4,Custos de Venda                                                                                     ,"302002 - PIS (SE NAO ESTIVER NO CMV)","406 - IMPOSTOS SOBRE FATURAMENTO ",,,,,0
5,Lucro Bruto                                                                                         ,,,,,,,1
6,Despesas Fixas/Variaveis                                                                            ,,,,,,,0
7,Resultado Operacional                                                                               ,,,,,,,1
8,Outras Despesas/Receitas não Operacionais                                                           ,,,,,,,0
9,Resultado antes do IRPJ e CSLL                                                                      ,,,,,,,1
10,Impostos sobre Resultado                                                                            ,,,,,,,0
11,Resultado Antes das Participações                                                                   ,,,,,,,1
12,Participações Totais                                                                                ,,,,,,,0
13,Resultado Líquido DRE                                                                               ,"102 - CMV DA VENDA FATURADA","102 - CMV DA VENDA FATURADA","51",CMV,2023-01-16,-32219.9,1
13,Resultado Líquido DRE                                                                               ,"102 - CMV DA VENDA FATURADA","102 - CMV DA VENDA FATURADA","51",CMV,2023-01-03,-8059.68,1
13,Resultado Líquido DRE                                                                               ,"102 - CMV DA VENDA FATURADA","102 - CMV DA VENDA FATURADA","51",CMV,2023-01-09,-399.53000000000003,1
13,Resultado Líquido DRE                                                                               ,"102 - CMV DA VENDA FATURADA","102 - CMV DA VENDA FATURADA","51",CMV,2023-01-25,-3600.1,1
13,Resultado Líquido DRE                                                                               ,"102 - CMV DA VENDA FATURADA","102 - CMV DA VENDA FATURADA","51",CMV,2023-01-27,-8776.49,1
13,Resultado Líquido DRE                                                                               ,"102 - CMV DA VENDA FATURADA","102 - CMV DA VENDA FATURADA","51",CMV,2023-01-23,-3387.57,1
13,Resultado Líquido DRE                                                                               ,"102 - CMV DA VENDA FATURADA","102 - CMV DA VENDA FATURADA","51",CMV,2023-01-20,-1753.28,1
13,Resultado Líquido DRE                                                                               ,"102 - CMV DA VENDA FATURADA","102 - CMV DA VENDA FATURADA","51",CMV,2023-01-11,-3146.4300000000003,1
13,Resultado Líquido DRE                                                                               ,"102 - CMV DA VENDA FATURADA","102 - CMV DA VENDA FATURADA","51",CMV,2023-01-26,-2941.33,1
13,Resultado Líquido DRE                                                                               ,"102 - CMV DA VENDA FATURADA","102 - CMV DA VENDA FATURADA","51",CMV,2023-01-26,-16715.23,1
13,Resultado Líquido DRE                                                                               ,"102 - CMV DA VENDA FATURADA","102 - CMV DA VENDA FATURADA","51",CMV,2023-01-17,-5494.87,1
13,Resultado Líquido DRE                                                                               ,"102 - CMV DA VENDA FATURADA","102 - CMV DA VENDA FATURADA","51",CMV,2023-01-11,-6482.77,1
13,Resultado Líquido DRE                                                                               ,"102 - CMV DA VENDA FATURADA","102 - CMV DA VENDA FATURADA","51",CMV,2023-01-24,-2604.8,1
13,Resultado Líquido DRE                                                                               ,"102 - CMV DA VENDA FATURADA","102 - CMV DA VENDA FATURADA","51",CMV,2023-01-31,-2165.64,1
13,Resultado Líquido DRE                                                                               ,"102 - CMV DA VENDA FATURADA","102 - CMV DA VENDA FATURADA","51",CMV,2023-01-26,-283.79,1
13,Resultado Líquido DRE                                                                               ,"102 - CMV DA VENDA FATURADA","102 - CMV DA VENDA FATURADA","51",CMV,2023-01-16,-1494.68,1
13,Resultado Líquido DRE                                                                               ,"102 - CMV DA VENDA FATURADA","102 - CMV DA VENDA FATURADA","51",CMV,2023-01-25,-586.96,1
13,Resultado Líquido DRE                                                                               ,"102 - CMV DA VENDA FATURADA","102 - CMV DA VENDA FATURADA","51",CMV,2023-01-16,-3277.09,1
13,Resultado Líquido DRE                                                                               ,"102 - CMV DA VENDA FATURADA","102 - CMV DA VENDA FATURADA","51",CMV,2023-01-19,-451.12,1
13,Resultado Líquido DRE                                                                               ,"102 - CMV DA VENDA FATURADA","102 - CMV DA VENDA FATURADA","51",CMV,2023-01-18,-1544.48,1
13,Resultado Líquido DRE                                                                               ,"102 - CMV DA VENDA FATURADA","102 - CMV DA VENDA FATURADA","51",CMV,2023-01-18,-796.62,1
13,Resultado Líquido DRE                                                                               ,"102 - CMV DA VENDA FATURADA","102 - CMV DA VENDA FATURADA","51",CMV,2023-01-30,-1036.1100000000001,1
13,Resultado Líquido DRE                                                                               ,"102 - CMV DA VENDA FATURADA","102 - CMV DA VENDA FATURADA","51",CMV,2023-01-31,-4142.39,1
13,Resultado Líquido DRE                                                                               ,"102 - CMV DA VENDA FATURADA","102 - CMV DA VENDA FATURADA","51",CMV,2023-01-05,-8715.79,1
13,Resultado Líquido DRE                                                                               ,"102 - CMV DA VENDA FATURADA","102 - CMV DA VENDA FATURADA","51",CMV,2023-01-04,-6478.1900000000005,1
13,Resultado Líquido DRE                                                                               ,"102 - CMV DA VENDA FATURADA","102 - CMV DA VENDA FATURADA","51",CMV,2023-01-11,-2262.7400000000002,1
13,Resultado Líquido DRE                                                                               ,"102 - CMV DA VENDA FATURADA","102 - CMV DA VENDA FATURADA","51",CMV,2023-01-09,-9823.24,1
13,Resultado Líquido DRE                                                                               ,"102 - CMV DA VENDA FATURADA","102 - CMV DA VENDA FATURADA","51",CMV,2023-01-13,-5159.83,1
13,Resultado Líquido DRE                                                                               ,"102 - CMV DA VENDA FATURADA","102 - CMV DA VENDA FATURADA","51",CMV,2023-01-25,-91645.23,1
13,Resultado Líquido DRE                                                                               ,"102 - CMV DA VENDA FATURADA","102 - CMV DA VENDA FATURADA","51",CMV,2023-01-02,-209.55,1
13,Resultado Líquido DRE                                                                               ,"102 - CMV DA VENDA FATURADA","102 - CMV DA VENDA FATURADA","51",CMV,2023-01-12,-489.71000000000004,1
13,Resultado Líquido DRE                                                                               ,"102 - CMV DA VENDA FATURADA","102 - CMV DA VENDA FATURADA","51",CMV,2023-01-30,-422.85,1
13,Resultado Líquido DRE                                                                               ,"102 - CMV DA VENDA FATURADA","102 - CMV DA VENDA FATURADA","51",CMV,2023-01-30,-62935.520000000004,1
13,Resultado Líquido DRE                                                                               ,"102 - CMV DA VENDA FATURADA","102 - CMV DA VENDA FATURADA","51",CMV,2023-01-18,-1900.97,1
13,Resultado Líquido DRE                                                                               ,"102 - CMV DA VENDA FATURADA","102 - CMV DA VENDA FATURADA","51",CMV,2023-01-18,-452.2,1
13,Resultado Líquido DRE                                                                               ,"102 - CMV DA VENDA FATURADA","102 - CMV DA VENDA FATURADA","51",CMV,2023-01-30,-23709.59,1
13,Resultado Líquido DRE                                                                               ,"102 - CMV DA VENDA FATURADA","102 - CMV DA VENDA FATURADA","51",CMV,2023-01-10,-10879.08,1
13,Resultado Líquido DRE                                                                               ,"102 - CMV DA VENDA FATURADA","102 - CMV DA VENDA FATURADA","51",CMV,2023-01-18,-1174.28,1
13,Resultado Líquido DRE                                                                               ,"102 - CMV DA VENDA FATURADA","102 - CMV DA VENDA FATURADA","51",CMV,2023-01-26,-444.02,1
13,Resultado Líquido DRE                                                                               ,"102 - CMV DA VENDA FATURADA","102 - CMV DA VENDA FATURADA","51",CMV,2023-01-18,-544.14,1
13,Resultado Líquido DRE                                                                               ,"102 - CMV DA VENDA FATURADA","102 - CMV DA VENDA FATURADA","51",CMV,2023-01-25,-21558.27,1
13,Resultado Líquido DRE                                                                               ,"102 - CMV DA VENDA FATURADA","102 - CMV DA VENDA FATURADA","51",CMV,2023-01-19,-56525.56,1
13,Resultado Líquido DRE                                                                               ,"201010 - VALE TRANSPORTE","201 - DESPESAS COM ESCRITORIOS DE VENDAS",,,,,1
13,Resultado Líquido DRE                                                                               ,"201002 - RESCISOES TRABALHISTAS","201 - DESPESAS COM ESCRITORIOS DE VENDAS",,,,,1
13,Resultado Líquido DRE                                                                               ,"201014 - COMISSOES","201 - DESPESAS COM ESCRITORIOS DE VENDAS",,,,,1
13,Resultado Líquido DRE                                                                               ,"201006 - TELEFONE ESCRITORIO","201 - DESPESAS COM ESCRITORIOS DE VENDAS",,,,,1
13,Resultado Líquido DRE                                                                               ,"100010 - COMISSAO DE VENDEDORES","100 - PAGTOS ASSOCIADOS AO CMV",,,,,1
13,Resultado Líquido DRE                                                                               ,"201005 - CORREIO/ MALOTES","201 - DESPESAS COM ESCRITORIOS DE VENDAS",,,,,1
13,Resultado Líquido DRE                                                                               ,"102 - CMV DA VENDA FATURADA","102 - CMV DA VENDA FATURADA","51",CMV,2023-01-19,-13807.1,1
13,Resultado Líquido DRE                                                                               ,"102 - CMV DA VENDA FATURADA","102 - CMV DA VENDA FATURADA","51",CMV,2023-01-31,-89.47,1
13,Resultado Líquido DRE                                                                               ,"102 - CMV DA VENDA FATURADA","102 - CMV DA VENDA FATURADA","51",CMV,2023-01-04,-11145.86,1
13,Resultado Líquido DRE                                                                               ,"102 - CMV DA VENDA FATURADA","102 - CMV DA VENDA FATURADA","51",CMV,2023-01-13,-18174.48,1
13,Resultado Líquido DRE                                                                               ,"102 - CMV DA VENDA FATURADA","102 - CMV DA VENDA FATURADA","51",CMV,2023-01-26,-36.85,1
13,Resultado Líquido DRE                                                                               ,"102 - CMV DA VENDA FATURADA","102 - CMV DA VENDA FATURADA","51",CMV,2023-01-20,-2998.56,1
13,Resultado Líquido DRE                                                                               ,"102 - CMV DA VENDA FATURADA","102 - CMV DA VENDA FATURADA","51",CMV,2023-01-18,-4818.61,1
13,Resultado Líquido DRE                                                                               ,"102 - CMV DA VENDA FATURADA","102 - CMV DA VENDA FATURADA","51",CMV,2023-01-19,-30.07,1
13,Resultado Líquido DRE                                                                               ,"102 - CMV DA VENDA FATURADA","102 - CMV DA VENDA FATURADA","51",CMV,2023-01-27,-1805.08,1
13,Resultado Líquido DRE                                                                               ,"102 - CMV DA VENDA FATURADA","102 - CMV DA VENDA FATURADA","51",CMV,2023-01-25,-19238.91,1
13,Resultado Líquido DRE                                                                               ,"102 - CMV DA VENDA FATURADA","102 - CMV DA VENDA FATURADA","51",CMV,2023-01-05,-43270.89,1
13,Resultado Líquido DRE                                                                               ,"102 - CMV DA VENDA FATURADA","102 - CMV DA VENDA FATURADA","51",CMV,2023-01-30,-642.3100000000001,1
13,Resultado Líquido DRE                                                                               ,"102 - CMV DA VENDA FATURADA","102 - CMV DA VENDA FATURADA","51",CMV,2023-01-04,-892.26,1
13,Resultado Líquido DRE                                                                               ,"102 - CMV DA VENDA FATURADA","102 - CMV DA VENDA FATURADA","51",CMV,2023-01-19,-3159.25,1
13,Resultado Líquido DRE                                                                               ,"102 - CMV DA VENDA FATURADA","102 - CMV DA VENDA FATURADA","51",CMV,2023-01-09,-717.09,1
13,Resultado Líquido DRE                                                                               ,"102 - CMV DA VENDA FATURADA","102 - CMV DA VENDA FATURADA","51",CMV,2023-01-24,-1247.2,1
13,Resultado Líquido DRE                                                                               ,"102 - CMV DA VENDA FATURADA","102 - CMV DA VENDA FATURADA","51",CMV,2023-01-12,-136.42000000000002,1
13,Resultado Líquido DRE                                                                               ,"102 - CMV DA VENDA FATURADA","102 - CMV DA VENDA FATURADA","51",CMV,2023-01-19,-104.04,1
13,Resultado Líquido DRE                                                                               ,"102 - CMV DA VENDA FATURADA","102 - CMV DA VENDA FATURADA","51",CMV,2023-01-12,-882.94,1
13,Resultado Líquido DRE                                                                               ,"102 - CMV DA VENDA FATURADA","102 - CMV DA VENDA FATURADA","51",CMV,2023-01-24,-21898.58,1
13,Resultado Líquido DRE                                                                               ,"102 - CMV DA VENDA FATURADA","102 - CMV DA VENDA FATURADA","51",CMV,2023-01-26,-4802.650000000001,1
13,Resultado Líquido DRE                                                                               ,"102 - CMV DA VENDA FATURADA","102 - CMV DA VENDA FATURADA","51",CMV,2023-01-27,-5623.38,1
13,Resultado Líquido DRE                                                                               ,"102 - CMV DA VENDA FATURADA","102 - CMV DA VENDA FATURADA","51",CMV,2023-01-27,-4273.49,1
13,Resultado Líquido DRE                                                                               ,"201013 - ENERGIA","201 - DESPESAS COM ESCRITORIOS DE VENDAS",,,,,1
13,Resultado Líquido DRE                                                                               ,"201012 - AJUDA COMBUSTIVEL","201 - DESPESAS COM ESCRITORIOS DE VENDAS",,,,,1
13,Resultado Líquido DRE                                                                               ,"201011 - MATERIAL DE LIMPEZA","201 - DESPESAS COM ESCRITORIOS DE VENDAS",,,,,1
13,Resultado Líquido DRE                                                                               ,"201003 - AGUA","201 - DESPESAS COM ESCRITORIOS DE VENDAS",,,,,1
13,Resultado Líquido DRE                                                                               ,"201004 - ALUGUEL","201 - DESPESAS COM ESCRITORIOS DE VENDAS",,,,,1
13,Resultado Líquido DRE                                                                               ,"201007 - SALARIOS","201 - DESPESAS COM ESCRITORIOS DE VENDAS",,,,,1
13,Resultado Líquido DRE                                                                               ,"201008 - FERIAS","201 - DESPESAS COM ESCRITORIOS DE VENDAS",,,,,1
13,Resultado Líquido DRE                                                                               ,"201009 - 13o. SALARIO","201 - DESPESAS COM ESCRITORIOS DE VENDAS",,,,,1
13,Resultado Líquido DRE                                                                               ,"102 - CMV DA VENDA FATURADA","102 - CMV DA VENDA FATURADA","51",CMV,2023-01-18,-424.26,1
13,Resultado Líquido DRE                                                                               ,"102 - CMV DA VENDA FATURADA","102 - CMV DA VENDA FATURADA","51",CMV,2023-01-27,-3114.08,1
13,Resultado Líquido DRE                                                                               ,"102 - CMV DA VENDA FATURADA","102 - CMV DA VENDA FATURADA","51",CMV,2023-01-05,-112.39,1
13,Resultado Líquido DRE                                                                               ,"102 - CMV DA VENDA FATURADA","102 - CMV DA VENDA FATURADA","51",CMV,2023-01-11,-2894.92,1
13,Resultado Líquido DRE                                                                               ,"102 - CMV DA VENDA FATURADA","102 - CMV DA VENDA FATURADA","51",CMV,2023-01-16,-16398.56,1
13,Resultado Líquido DRE                                                                               ,"102 - CMV DA VENDA FATURADA","102 - CMV DA VENDA FATURADA","51",CMV,2023-01-17,-872.77,1
13,Resultado Líquido DRE                                                                               ,"102 - CMV DA VENDA FATURADA","102 - CMV DA VENDA FATURADA","51",CMV,2023-01-24,-4103.21,1
13,Resultado Líquido DRE                                                                               ,"102 - CMV DA VENDA FATURADA","102 - CMV DA VENDA FATURADA","51",CMV,2023-01-16,-1093.1200000000001,1
13,Resultado Líquido DRE                                                                               ,"102 - CMV DA VENDA FATURADA","102 - CMV DA VENDA FATURADA","51",CMV,2023-01-31,-2333.96,1
13,Resultado Líquido DRE                                                                               ,"102 - CMV DA VENDA FATURADA","102 - CMV DA VENDA FATURADA","51",CMV,2023-01-02,-5463.7300000000005,1
13,Resultado Líquido DRE                                                                               ,"102 - CMV DA VENDA FATURADA","102 - CMV DA VENDA FATURADA","51",CMV,2023-01-16,-459.93,1
13,Resultado Líquido DRE                                                                               ,"102 - CMV DA VENDA FATURADA","102 - CMV DA VENDA FATURADA","51",CMV,2023-01-20,-178.19,1
13,Resultado Líquido DRE                                                                               ,"102 - CMV DA VENDA FATURADA","102 - CMV DA VENDA FATURADA","51",CMV,2023-01-20,-11232.49,1
13,Resultado Líquido DRE                                                                               ,"102 - CMV DA VENDA FATURADA","102 - CMV DA VENDA FATURADA","51",CMV,2023-01-12,-1333.14,1
13,Resultado Líquido DRE                                                                               ,"102 - CMV DA VENDA FATURADA","102 - CMV DA VENDA FATURADA","51",CMV,2023-01-09,-1145,1
13,Resultado Líquido DRE                                                                               ,"102 - CMV DA VENDA FATURADA","102 - CMV DA VENDA FATURADA","51",CMV,2023-01-12,-30404.2,1
13,Resultado Líquido DRE                                                                               ,"102 - CMV DA VENDA FATURADA","102 - CMV DA VENDA FATURADA","51",CMV,2023-01-11,-13291.470000000001,1
13,Resultado Líquido DRE                                                                               ,"102 - CMV DA VENDA FATURADA","102 - CMV DA VENDA FATURADA","51",CMV,2023-01-26,-28.04,1
13,Resultado Líquido DRE                                                                               ,"102 - CMV DA VENDA FATURADA","102 - CMV DA VENDA FATURADA","51",CMV,2023-01-17,-8185.39,1
13,Resultado Líquido DRE                                                                               ,"102 - CMV DA VENDA FATURADA","102 - CMV DA VENDA FATURADA","51",CMV,2023-01-11,-6304.53,1
13,Resultado Líquido DRE                                                                               ,"102 - CMV DA VENDA FATURADA","102 - CMV DA VENDA FATURADA","51",CMV,2023-01-25,-983.95,1
13,Resultado Líquido DRE                                                                               ,"102 - CMV DA VENDA FATURADA","102 - CMV DA VENDA FATURADA","51",CMV,2023-01-19,-25827.54,1
